,Linear Regression,Stepwise Regression,Support Vector Regression,K-Nearest Neighbors
0,1.0,1.0,1.0,0.9861198738170347
1,0.5692307692307692,0.5715384615384616,0.8384615384615385,0.5442846328538986
2,0.46702702702702703,0.4681081081081081,0.22918918918918918,0.4654427645788337
3,1.0,1.0,1.0,0.9963746223564954
