,Linear Regression,Stepwise Regression,Support Vector Regression,K-Nearest Neighbors
0,1.0,1.0,1.0,1.0
1,0.4796905222437137,0.47775628626692457,0.7137330754352031,0.5073260073260073
2,0.44506726457399104,0.44170403587443946,0.16367713004484305,0.4524336283185841
3,1.0,1.0,1.0,1.0
