,Linear Regression,Stepwise Regression,Support Vector Regression,K-Nearest Neighbors
0,0.0,0.0,0.0,0.00698856416772554
1,0.4307692307692308,0.42846153846153845,0.16153846153846155,0.4469230769230769
2,0.532972972972973,0.5318918918918919,0.7708108108108108,0.534054054054054
3,0.0,0.0,0.0,0.0018159806295399517
